{"giang": {"matkhau": "giang", "xu": 1000, "win": 1, "lose": 1, "cuoc": 1000, "uid": 6854314324}, "congdz": {"matkhau": "congdz", "xu": 1600, "win": 0, "lose": 0, "cuoc": 0, "uid": 7376376659}, "hi": {"matkhau": "hi", "xu": 1000, "win": 0, "lose": 0, "cuoc": 0, "uid": 6854314324}, "meo": {"matkhau": "meo", "xu": 100000400, "win": 1, "lose": 1, "cuoc": 1000, "uid": 6854314324}, "lightngu": {"matkhau": "light cay \u0111\u1ecf d\u00e1i", "xu": 1000, "win": 0, "lose": 0, "cuoc": 0, "uid": 6108784520}, "cdanhzZz": {"matkhau": "danh124356", "xu": 0, "win": 0, "lose": 1, "cuoc": 1000, "uid": 7244630619}, "baongoc": {"matkhau": "lebaongoc", "xu": 0, "win": 23, "lose": 18, "cuoc": 39470478735524, "uid": 7669942474}, "cdanhzZzzz": {"matkhau": "cdanzzz212", "xu": 9000000060000, "win": 0, "lose": 0, "cuoc": 0, "uid": 7244630619}, "cdanhdev": {"matkhau": "cdanhdev1243", "xu": 0, "win": 1, "lose": 0, "cuoc": 10000, "uid": 7244630619}}